{
    "admin_bot": [
        "777490093797296301",
        "759455593775005869",
        "4759717132784160554",
        "6840110535270773451",
        "2842066360190162518",
        "5518435040030218674",
        "777617121748512813",
        "347819494914630691",
        "552955919389827360"
    ],
    "group_admins": {
        "8934110954399369179": [
            "6071554278072292965",
            "3776724361432128846",
            "2422545467643641785",
            "759455593775005869",
            "6974047438445390063"
        ],
        "1541565694064521539": [
            "4959977989313827314",
            "4682312603801991901",
            "1707775088982926484",
            "5831734229168406217",
            "759455593775005869",
            "2248340585195482132"
        ],
        "4206387252024040007": [
            "6638302146466530104",
            "194121267340751766",
            "759455593775005869",
            "3776724361432128846",
            "3020945354950952395",
            "5518435040030218674",
            "6730622538473650752",
            "4113788802825367088"
        ]
    },
    "muted_users": [
        {
            "author_id": "5436232197978896982",
            "thread_id": "8934110954399369179",
            "reason": "Quản trị viên cấm",
            "muted_until": 1738197709
        },
        {
            "author_id": "1953363913435021372",
            "thread_id": "8934110954399369179",
            "reason": "Quản trị viên cấm",
            "muted_until": 1738197755
        },
        {
            "author_id": "6037627914133215982",
            "thread_id": "4206387252024040007",
            "reason": "Quản trị viên cấm",
            "muted_until": 1738309971
        },
        {
            "author_id": "181877040356951201",
            "thread_id": "8934110954399369179",
            "reason": "Quản trị viên cấm",
            "muted_until": 1738463890
        }
    ],
    "violations": {
        "5436232197978896982": {
            "8934110954399369179": {
                "profanity_count": 2,
                "spam_count": 0,
                "penalty_level": 2
            }
        },
        "1953363913435021372": {
            "8934110954399369179": {
                "profanity_count": 1,
                "spam_count": 0,
                "penalty_level": 1
            }
        },
        "6037627914133215982": {
            "4206387252024040007": {
                "profanity_count": 2,
                "spam_count": 0,
                "penalty_level": 2
            }
        },
        "181877040356951201": {
            "8934110954399369179": {
                "profanity_count": 1,
                "spam_count": 0,
                "penalty_level": 1
            }
        }
    },
    "allow_link": {
        "1541565694064521539": true
    },
    "allowed_thread_ids": [
        "4029344396449537228",
        "7782573343022902566"
    ]
}